dataset,scaler,distance,shape,n_bags,compute_time_sec,cached,file
musk1,MinMaxScaler,hausdorff,"[92, 92]",92,1.9568,False,/kaggle/working/MIClustering-experiments/resultados/distancias/musk1_MinMaxScaler_hausdorff.npy
musk1,MinMaxScaler,hausdorff_min,"[92, 92]",92,0.6132,False,/kaggle/working/MIClustering-experiments/resultados/distancias/musk1_MinMaxScaler_hausdorff_min.npy
musk1,MinMaxScaler,hausdorff_avg,"[92, 92]",92,1.0887,False,/kaggle/working/MIClustering-experiments/resultados/distancias/musk1_MinMaxScaler_hausdorff_avg.npy
musk1,MinMaxScaler,cauchy_schwarz,"[92, 92]",92,1.5898,False,/kaggle/working/MIClustering-experiments/resultados/distancias/musk1_MinMaxScaler_cauchy_schwarz.npy
musk1,MinMaxScaler,earth_movers,"[92, 92]",92,1.1628,False,/kaggle/working/MIClustering-experiments/resultados/distancias/musk1_MinMaxScaler_earth_movers.npy
musk1,MinMaxScaler,mahalanobis,"[92, 92]",92,244.1175,False,/kaggle/working/MIClustering-experiments/resultados/distancias/musk1_MinMaxScaler_mahalanobis.npy
musk1,StandardScaler,hausdorff,"[92, 92]",92,0.9066,False,/kaggle/working/MIClustering-experiments/resultados/distancias/musk1_StandardScaler_hausdorff.npy
musk1,StandardScaler,hausdorff_min,"[92, 92]",92,0.5872,False,/kaggle/working/MIClustering-experiments/resultados/distancias/musk1_StandardScaler_hausdorff_min.npy
musk1,StandardScaler,hausdorff_avg,"[92, 92]",92,1.0521,False,/kaggle/working/MIClustering-experiments/resultados/distancias/musk1_StandardScaler_hausdorff_avg.npy
musk1,StandardScaler,cauchy_schwarz,"[92, 92]",92,1.5054,False,/kaggle/working/MIClustering-experiments/resultados/distancias/musk1_StandardScaler_cauchy_schwarz.npy
musk1,StandardScaler,earth_movers,"[92, 92]",92,1.1354,False,/kaggle/working/MIClustering-experiments/resultados/distancias/musk1_StandardScaler_earth_movers.npy
musk1,StandardScaler,mahalanobis,"[92, 92]",92,249.8646,False,/kaggle/working/MIClustering-experiments/resultados/distancias/musk1_StandardScaler_mahalanobis.npy
musk2,MinMaxScaler,hausdorff,"[102, 102]",102,2.1239,False,/kaggle/working/MIClustering-experiments/resultados/distancias/musk2_MinMaxScaler_hausdorff.npy
musk2,MinMaxScaler,hausdorff_min,"[102, 102]",102,1.519,False,/kaggle/working/MIClustering-experiments/resultados/distancias/musk2_MinMaxScaler_hausdorff_min.npy
musk2,MinMaxScaler,hausdorff_avg,"[102, 102]",102,2.1172,False,/kaggle/working/MIClustering-experiments/resultados/distancias/musk2_MinMaxScaler_hausdorff_avg.npy
musk2,MinMaxScaler,cauchy_schwarz,"[102, 102]",102,2.234,False,/kaggle/working/MIClustering-experiments/resultados/distancias/musk2_MinMaxScaler_cauchy_schwarz.npy
musk2,MinMaxScaler,earth_movers,"[102, 102]",102,23.9818,False,/kaggle/working/MIClustering-experiments/resultados/distancias/musk2_MinMaxScaler_earth_movers.npy
musk2,MinMaxScaler,mahalanobis,"[102, 102]",102,582.5905,False,/kaggle/working/MIClustering-experiments/resultados/distancias/musk2_MinMaxScaler_mahalanobis.npy
musk2,StandardScaler,hausdorff,"[102, 102]",102,1.9497,False,/kaggle/working/MIClustering-experiments/resultados/distancias/musk2_StandardScaler_hausdorff.npy
musk2,StandardScaler,hausdorff_min,"[102, 102]",102,1.5235,False,/kaggle/working/MIClustering-experiments/resultados/distancias/musk2_StandardScaler_hausdorff_min.npy
musk2,StandardScaler,hausdorff_avg,"[102, 102]",102,2.1578,False,/kaggle/working/MIClustering-experiments/resultados/distancias/musk2_StandardScaler_hausdorff_avg.npy
musk2,StandardScaler,cauchy_schwarz,"[102, 102]",102,2.2326,False,/kaggle/working/MIClustering-experiments/resultados/distancias/musk2_StandardScaler_cauchy_schwarz.npy
musk2,StandardScaler,earth_movers,"[102, 102]",102,23.7405,False,/kaggle/working/MIClustering-experiments/resultados/distancias/musk2_StandardScaler_earth_movers.npy
musk2,StandardScaler,mahalanobis,"[102, 102]",102,590.0132,False,/kaggle/working/MIClustering-experiments/resultados/distancias/musk2_StandardScaler_mahalanobis.npy
mutagenesis3_atoms,MinMaxScaler,hausdorff,"[188, 188]",188,3.5782,False,/kaggle/working/MIClustering-experiments/resultados/distancias/mutagenesis3_atoms_MinMaxScaler_hausdorff.npy
mutagenesis3_atoms,MinMaxScaler,hausdorff_min,"[188, 188]",188,2.2321,False,/kaggle/working/MIClustering-experiments/resultados/distancias/mutagenesis3_atoms_MinMaxScaler_hausdorff_min.npy
mutagenesis3_atoms,MinMaxScaler,hausdorff_avg,"[188, 188]",188,4.0192,False,/kaggle/working/MIClustering-experiments/resultados/distancias/mutagenesis3_atoms_MinMaxScaler_hausdorff_avg.npy
mutagenesis3_atoms,MinMaxScaler,cauchy_schwarz,"[188, 188]",188,6.0583,False,/kaggle/working/MIClustering-experiments/resultados/distancias/mutagenesis3_atoms_MinMaxScaler_cauchy_schwarz.npy
mutagenesis3_atoms,MinMaxScaler,earth_movers,"[188, 188]",188,4.7842,False,/kaggle/working/MIClustering-experiments/resultados/distancias/mutagenesis3_atoms_MinMaxScaler_earth_movers.npy
mutagenesis3_atoms,MinMaxScaler,mahalanobis,"[188, 188]",188,29.2758,False,/kaggle/working/MIClustering-experiments/resultados/distancias/mutagenesis3_atoms_MinMaxScaler_mahalanobis.npy
mutagenesis3_atoms,StandardScaler,hausdorff,"[188, 188]",188,3.5657,False,/kaggle/working/MIClustering-experiments/resultados/distancias/mutagenesis3_atoms_StandardScaler_hausdorff.npy
mutagenesis3_atoms,StandardScaler,hausdorff_min,"[188, 188]",188,2.2115,False,/kaggle/working/MIClustering-experiments/resultados/distancias/mutagenesis3_atoms_StandardScaler_hausdorff_min.npy
mutagenesis3_atoms,StandardScaler,hausdorff_avg,"[188, 188]",188,4.0596,False,/kaggle/working/MIClustering-experiments/resultados/distancias/mutagenesis3_atoms_StandardScaler_hausdorff_avg.npy
mutagenesis3_atoms,StandardScaler,cauchy_schwarz,"[188, 188]",188,6.0016,False,/kaggle/working/MIClustering-experiments/resultados/distancias/mutagenesis3_atoms_StandardScaler_cauchy_schwarz.npy
mutagenesis3_atoms,StandardScaler,earth_movers,"[188, 188]",188,4.7562,False,/kaggle/working/MIClustering-experiments/resultados/distancias/mutagenesis3_atoms_StandardScaler_earth_movers.npy
mutagenesis3_atoms,StandardScaler,mahalanobis,"[188, 188]",188,29.5394,False,/kaggle/working/MIClustering-experiments/resultados/distancias/mutagenesis3_atoms_StandardScaler_mahalanobis.npy
mutagenesis3_chains,MinMaxScaler,hausdorff,"[188, 188]",188,6.6204,False,/kaggle/working/MIClustering-experiments/resultados/distancias/mutagenesis3_chains_MinMaxScaler_hausdorff.npy
mutagenesis3_chains,MinMaxScaler,hausdorff_min,"[188, 188]",188,5.2578,False,/kaggle/working/MIClustering-experiments/resultados/distancias/mutagenesis3_chains_MinMaxScaler_hausdorff_min.npy
mutagenesis3_chains,MinMaxScaler,hausdorff_avg,"[188, 188]",188,7.0504,False,/kaggle/working/MIClustering-experiments/resultados/distancias/mutagenesis3_chains_MinMaxScaler_hausdorff_avg.npy
mutagenesis3_chains,MinMaxScaler,cauchy_schwarz,"[188, 188]",188,6.2759,False,/kaggle/working/MIClustering-experiments/resultados/distancias/mutagenesis3_chains_MinMaxScaler_cauchy_schwarz.npy
mutagenesis3_chains,MinMaxScaler,earth_movers,"[188, 188]",188,9.6761,False,/kaggle/working/MIClustering-experiments/resultados/distancias/mutagenesis3_chains_MinMaxScaler_earth_movers.npy
mutagenesis3_chains,MinMaxScaler,mahalanobis,"[188, 188]",188,51.6963,False,/kaggle/working/MIClustering-experiments/resultados/distancias/mutagenesis3_chains_MinMaxScaler_mahalanobis.npy
mutagenesis3_chains,StandardScaler,hausdorff,"[188, 188]",188,6.7454,False,/kaggle/working/MIClustering-experiments/resultados/distancias/mutagenesis3_chains_StandardScaler_hausdorff.npy
mutagenesis3_chains,StandardScaler,hausdorff_min,"[188, 188]",188,5.3165,False,/kaggle/working/MIClustering-experiments/resultados/distancias/mutagenesis3_chains_StandardScaler_hausdorff_min.npy
mutagenesis3_chains,StandardScaler,hausdorff_avg,"[188, 188]",188,7.0597,False,/kaggle/working/MIClustering-experiments/resultados/distancias/mutagenesis3_chains_StandardScaler_hausdorff_avg.npy
mutagenesis3_chains,StandardScaler,cauchy_schwarz,"[188, 188]",188,6.2959,False,/kaggle/working/MIClustering-experiments/resultados/distancias/mutagenesis3_chains_StandardScaler_cauchy_schwarz.npy
mutagenesis3_chains,StandardScaler,earth_movers,"[188, 188]",188,9.5797,False,/kaggle/working/MIClustering-experiments/resultados/distancias/mutagenesis3_chains_StandardScaler_earth_movers.npy
mutagenesis3_chains,StandardScaler,mahalanobis,"[188, 188]",188,51.0346,False,/kaggle/working/MIClustering-experiments/resultados/distancias/mutagenesis3_chains_StandardScaler_mahalanobis.npy
BirdsChestnut-backedChickadee,MinMaxScaler,hausdorff,"[548, 548]",548,42.8646,False,/kaggle/working/MIClustering-experiments/resultados/distancias/BirdsChestnut-backedChickadee_MinMaxScaler_hausdorff.npy
BirdsChestnut-backedChickadee,MinMaxScaler,hausdorff_min,"[548, 548]",548,31.0135,False,/kaggle/working/MIClustering-experiments/resultados/distancias/BirdsChestnut-backedChickadee_MinMaxScaler_hausdorff_min.npy
BirdsChestnut-backedChickadee,MinMaxScaler,hausdorff_avg,"[548, 548]",548,47.8598,False,/kaggle/working/MIClustering-experiments/resultados/distancias/BirdsChestnut-backedChickadee_MinMaxScaler_hausdorff_avg.npy
BirdsChestnut-backedChickadee,MinMaxScaler,cauchy_schwarz,"[548, 548]",548,54.8932,False,/kaggle/working/MIClustering-experiments/resultados/distancias/BirdsChestnut-backedChickadee_MinMaxScaler_cauchy_schwarz.npy
BirdsChestnut-backedChickadee,MinMaxScaler,earth_movers,"[548, 548]",548,62.6385,False,/kaggle/working/MIClustering-experiments/resultados/distancias/BirdsChestnut-backedChickadee_MinMaxScaler_earth_movers.npy
BirdsChestnut-backedChickadee,MinMaxScaler,mahalanobis,"[548, 548]",548,2223.5896,False,/kaggle/working/MIClustering-experiments/resultados/distancias/BirdsChestnut-backedChickadee_MinMaxScaler_mahalanobis.npy
BirdsChestnut-backedChickadee,StandardScaler,hausdorff,"[548, 548]",548,42.7816,False,/kaggle/working/MIClustering-experiments/resultados/distancias/BirdsChestnut-backedChickadee_StandardScaler_hausdorff.npy
BirdsChestnut-backedChickadee,StandardScaler,hausdorff_min,"[548, 548]",548,30.8046,False,/kaggle/working/MIClustering-experiments/resultados/distancias/BirdsChestnut-backedChickadee_StandardScaler_hausdorff_min.npy
BirdsChestnut-backedChickadee,StandardScaler,hausdorff_avg,"[548, 548]",548,47.2458,False,/kaggle/working/MIClustering-experiments/resultados/distancias/BirdsChestnut-backedChickadee_StandardScaler_hausdorff_avg.npy
BirdsChestnut-backedChickadee,StandardScaler,cauchy_schwarz,"[548, 548]",548,53.8407,False,/kaggle/working/MIClustering-experiments/resultados/distancias/BirdsChestnut-backedChickadee_StandardScaler_cauchy_schwarz.npy
BirdsChestnut-backedChickadee,StandardScaler,earth_movers,"[548, 548]",548,62.3832,False,/kaggle/working/MIClustering-experiments/resultados/distancias/BirdsChestnut-backedChickadee_StandardScaler_earth_movers.npy
BirdsChestnut-backedChickadee,StandardScaler,mahalanobis,"[548, 548]",548,2242.3636,False,/kaggle/working/MIClustering-experiments/resultados/distancias/BirdsChestnut-backedChickadee_StandardScaler_mahalanobis.npy
BirdsHammondsFlycatcher,MinMaxScaler,hausdorff,"[548, 548]",548,43.006,False,/kaggle/working/MIClustering-experiments/resultados/distancias/BirdsHammondsFlycatcher_MinMaxScaler_hausdorff.npy
BirdsHammondsFlycatcher,MinMaxScaler,hausdorff_min,"[548, 548]",548,31.0266,False,/kaggle/working/MIClustering-experiments/resultados/distancias/BirdsHammondsFlycatcher_MinMaxScaler_hausdorff_min.npy
BirdsHammondsFlycatcher,MinMaxScaler,hausdorff_avg,"[548, 548]",548,47.4139,False,/kaggle/working/MIClustering-experiments/resultados/distancias/BirdsHammondsFlycatcher_MinMaxScaler_hausdorff_avg.npy
BirdsHammondsFlycatcher,MinMaxScaler,cauchy_schwarz,"[548, 548]",548,54.023,False,/kaggle/working/MIClustering-experiments/resultados/distancias/BirdsHammondsFlycatcher_MinMaxScaler_cauchy_schwarz.npy
BirdsHammondsFlycatcher,MinMaxScaler,earth_movers,"[548, 548]",548,63.5265,False,/kaggle/working/MIClustering-experiments/resultados/distancias/BirdsHammondsFlycatcher_MinMaxScaler_earth_movers.npy
BirdsHammondsFlycatcher,MinMaxScaler,mahalanobis,"[548, 548]",548,2234.2791,False,/kaggle/working/MIClustering-experiments/resultados/distancias/BirdsHammondsFlycatcher_MinMaxScaler_mahalanobis.npy
BirdsHammondsFlycatcher,StandardScaler,hausdorff,"[548, 548]",548,43.1822,False,/kaggle/working/MIClustering-experiments/resultados/distancias/BirdsHammondsFlycatcher_StandardScaler_hausdorff.npy
BirdsHammondsFlycatcher,StandardScaler,hausdorff_min,"[548, 548]",548,31.4002,False,/kaggle/working/MIClustering-experiments/resultados/distancias/BirdsHammondsFlycatcher_StandardScaler_hausdorff_min.npy
BirdsHammondsFlycatcher,StandardScaler,hausdorff_avg,"[548, 548]",548,47.5525,False,/kaggle/working/MIClustering-experiments/resultados/distancias/BirdsHammondsFlycatcher_StandardScaler_hausdorff_avg.npy
BirdsHammondsFlycatcher,StandardScaler,cauchy_schwarz,"[548, 548]",548,54.3417,False,/kaggle/working/MIClustering-experiments/resultados/distancias/BirdsHammondsFlycatcher_StandardScaler_cauchy_schwarz.npy
BirdsHammondsFlycatcher,StandardScaler,earth_movers,"[548, 548]",548,63.9167,False,/kaggle/working/MIClustering-experiments/resultados/distancias/BirdsHammondsFlycatcher_StandardScaler_earth_movers.npy
BirdsHammondsFlycatcher,StandardScaler,mahalanobis,"[548, 548]",548,2253.3389,False,/kaggle/working/MIClustering-experiments/resultados/distancias/BirdsHammondsFlycatcher_StandardScaler_mahalanobis.npy
Harddrive1,MinMaxScaler,hausdorff,"[369, 369]",369,32.5955,False,/kaggle/working/MIClustering-experiments/resultados/distancias/Harddrive1_MinMaxScaler_hausdorff.npy
Harddrive1,MinMaxScaler,hausdorff_min,"[369, 369]",369,26.8956,False,/kaggle/working/MIClustering-experiments/resultados/distancias/Harddrive1_MinMaxScaler_hausdorff_min.npy
Harddrive1,MinMaxScaler,hausdorff_avg,"[369, 369]",369,33.8724,False,/kaggle/working/MIClustering-experiments/resultados/distancias/Harddrive1_MinMaxScaler_hausdorff_avg.npy
Harddrive1,MinMaxScaler,cauchy_schwarz,"[369, 369]",369,28.5954,False,/kaggle/working/MIClustering-experiments/resultados/distancias/Harddrive1_MinMaxScaler_cauchy_schwarz.npy
Harddrive1,MinMaxScaler,earth_movers,"[369, 369]",369,1442.0003,False,/kaggle/working/MIClustering-experiments/resultados/distancias/Harddrive1_MinMaxScaler_earth_movers.npy
Harddrive1,MinMaxScaler,mahalanobis,"[369, 369]",369,571.8513,False,/kaggle/working/MIClustering-experiments/resultados/distancias/Harddrive1_MinMaxScaler_mahalanobis.npy
Harddrive1,StandardScaler,hausdorff,"[369, 369]",369,32.3661,False,/kaggle/working/MIClustering-experiments/resultados/distancias/Harddrive1_StandardScaler_hausdorff.npy
Harddrive1,StandardScaler,hausdorff_min,"[369, 369]",369,26.9386,False,/kaggle/working/MIClustering-experiments/resultados/distancias/Harddrive1_StandardScaler_hausdorff_min.npy
Harddrive1,StandardScaler,hausdorff_avg,"[369, 369]",369,34.1993,False,/kaggle/working/MIClustering-experiments/resultados/distancias/Harddrive1_StandardScaler_hausdorff_avg.npy
Harddrive1,StandardScaler,cauchy_schwarz,"[369, 369]",369,28.6857,False,/kaggle/working/MIClustering-experiments/resultados/distancias/Harddrive1_StandardScaler_cauchy_schwarz.npy
Harddrive1,StandardScaler,earth_movers,"[369, 369]",369,1391.3994,False,/kaggle/working/MIClustering-experiments/resultados/distancias/Harddrive1_StandardScaler_earth_movers.npy
Harddrive1,StandardScaler,mahalanobis,"[369, 369]",369,614.7867,False,/kaggle/working/MIClustering-experiments/resultados/distancias/Harddrive1_StandardScaler_mahalanobis.npy
ImageElephant,MinMaxScaler,hausdorff,"[200, 200]",200,4.4624,False,/kaggle/working/MIClustering-experiments/resultados/distancias/ImageElephant_MinMaxScaler_hausdorff.npy
ImageElephant,MinMaxScaler,hausdorff_min,"[200, 200]",200,2.7633,False,/kaggle/working/MIClustering-experiments/resultados/distancias/ImageElephant_MinMaxScaler_hausdorff_min.npy
ImageElephant,MinMaxScaler,hausdorff_avg,"[200, 200]",200,5.0153,False,/kaggle/working/MIClustering-experiments/resultados/distancias/ImageElephant_MinMaxScaler_hausdorff_avg.npy
ImageElephant,MinMaxScaler,cauchy_schwarz,"[200, 200]",200,7.364,False,/kaggle/working/MIClustering-experiments/resultados/distancias/ImageElephant_MinMaxScaler_cauchy_schwarz.npy
ImageElephant,MinMaxScaler,earth_movers,"[200, 200]",200,6.2497,False,/kaggle/working/MIClustering-experiments/resultados/distancias/ImageElephant_MinMaxScaler_earth_movers.npy
ImageElephant,MinMaxScaler,mahalanobis,"[200, 200]",200,1208.6542,False,/kaggle/working/MIClustering-experiments/resultados/distancias/ImageElephant_MinMaxScaler_mahalanobis.npy
ImageElephant,StandardScaler,hausdorff,"[200, 200]",200,4.3263,False,/kaggle/working/MIClustering-experiments/resultados/distancias/ImageElephant_StandardScaler_hausdorff.npy
ImageElephant,StandardScaler,hausdorff_min,"[200, 200]",200,2.8008,False,/kaggle/working/MIClustering-experiments/resultados/distancias/ImageElephant_StandardScaler_hausdorff_min.npy
ImageElephant,StandardScaler,hausdorff_avg,"[200, 200]",200,4.9214,False,/kaggle/working/MIClustering-experiments/resultados/distancias/ImageElephant_StandardScaler_hausdorff_avg.npy
ImageElephant,StandardScaler,cauchy_schwarz,"[200, 200]",200,7.317,False,/kaggle/working/MIClustering-experiments/resultados/distancias/ImageElephant_StandardScaler_cauchy_schwarz.npy
ImageElephant,StandardScaler,earth_movers,"[200, 200]",200,6.2573,False,/kaggle/working/MIClustering-experiments/resultados/distancias/ImageElephant_StandardScaler_earth_movers.npy
ImageElephant,StandardScaler,mahalanobis,"[200, 200]",200,1212.3901,False,/kaggle/working/MIClustering-experiments/resultados/distancias/ImageElephant_StandardScaler_mahalanobis.npy
Newsgroups1,MinMaxScaler,hausdorff,"[100, 100]",100,2.3821,False,/kaggle/working/MIClustering-experiments/resultados/distancias/Newsgroups1_MinMaxScaler_hausdorff.npy
Newsgroups1,MinMaxScaler,hausdorff_min,"[100, 100]",100,1.9353,False,/kaggle/working/MIClustering-experiments/resultados/distancias/Newsgroups1_MinMaxScaler_hausdorff_min.npy
Newsgroups1,MinMaxScaler,hausdorff_avg,"[100, 100]",100,2.4087,False,/kaggle/working/MIClustering-experiments/resultados/distancias/Newsgroups1_MinMaxScaler_hausdorff_avg.npy
Newsgroups1,MinMaxScaler,cauchy_schwarz,"[100, 100]",100,2.0441,False,/kaggle/working/MIClustering-experiments/resultados/distancias/Newsgroups1_MinMaxScaler_cauchy_schwarz.npy
Newsgroups1,MinMaxScaler,earth_movers,"[100, 100]",100,12.0841,False,/kaggle/working/MIClustering-experiments/resultados/distancias/Newsgroups1_MinMaxScaler_earth_movers.npy
Newsgroups1,MinMaxScaler,mahalanobis,"[100, 100]",100,421.8609,False,/kaggle/working/MIClustering-experiments/resultados/distancias/Newsgroups1_MinMaxScaler_mahalanobis.npy
Newsgroups1,StandardScaler,hausdorff,"[100, 100]",100,2.4042,False,/kaggle/working/MIClustering-experiments/resultados/distancias/Newsgroups1_StandardScaler_hausdorff.npy
Newsgroups1,StandardScaler,hausdorff_min,"[100, 100]",100,1.9831,False,/kaggle/working/MIClustering-experiments/resultados/distancias/Newsgroups1_StandardScaler_hausdorff_min.npy
Newsgroups1,StandardScaler,hausdorff_avg,"[100, 100]",100,2.4897,False,/kaggle/working/MIClustering-experiments/resultados/distancias/Newsgroups1_StandardScaler_hausdorff_avg.npy
Newsgroups1,StandardScaler,cauchy_schwarz,"[100, 100]",100,2.1227,False,/kaggle/working/MIClustering-experiments/resultados/distancias/Newsgroups1_StandardScaler_cauchy_schwarz.npy
Newsgroups1,StandardScaler,earth_movers,"[100, 100]",100,13.0555,False,/kaggle/working/MIClustering-experiments/resultados/distancias/Newsgroups1_StandardScaler_earth_movers.npy
Newsgroups1,StandardScaler,mahalanobis,"[100, 100]",100,422.436,False,/kaggle/working/MIClustering-experiments/resultados/distancias/Newsgroups1_StandardScaler_mahalanobis.npy
Thioredoxin,MinMaxScaler,hausdorff,"[193, 193]",193,7.9414,False,/kaggle/working/MIClustering-experiments/resultados/distancias/Thioredoxin_MinMaxScaler_hausdorff.npy
Thioredoxin,MinMaxScaler,hausdorff_min,"[193, 193]",193,6.2819,False,/kaggle/working/MIClustering-experiments/resultados/distancias/Thioredoxin_MinMaxScaler_hausdorff_min.npy
Thioredoxin,MinMaxScaler,hausdorff_avg,"[193, 193]",193,8.1829,False,/kaggle/working/MIClustering-experiments/resultados/distancias/Thioredoxin_MinMaxScaler_hausdorff_avg.npy
Thioredoxin,MinMaxScaler,cauchy_schwarz,"[193, 193]",193,6.6144,False,/kaggle/working/MIClustering-experiments/resultados/distancias/Thioredoxin_MinMaxScaler_cauchy_schwarz.npy
Thioredoxin,MinMaxScaler,earth_movers,"[193, 193]",193,98.25,False,/kaggle/working/MIClustering-experiments/resultados/distancias/Thioredoxin_MinMaxScaler_earth_movers.npy
Thioredoxin,MinMaxScaler,mahalanobis,"[193, 193]",193,34.0368,False,/kaggle/working/MIClustering-experiments/resultados/distancias/Thioredoxin_MinMaxScaler_mahalanobis.npy
Thioredoxin,StandardScaler,hausdorff,"[193, 193]",193,7.7547,False,/kaggle/working/MIClustering-experiments/resultados/distancias/Thioredoxin_StandardScaler_hausdorff.npy
Thioredoxin,StandardScaler,hausdorff_min,"[193, 193]",193,6.2121,False,/kaggle/working/MIClustering-experiments/resultados/distancias/Thioredoxin_StandardScaler_hausdorff_min.npy
Thioredoxin,StandardScaler,hausdorff_avg,"[193, 193]",193,8.2157,False,/kaggle/working/MIClustering-experiments/resultados/distancias/Thioredoxin_StandardScaler_hausdorff_avg.npy
Thioredoxin,StandardScaler,cauchy_schwarz,"[193, 193]",193,6.7065,False,/kaggle/working/MIClustering-experiments/resultados/distancias/Thioredoxin_StandardScaler_cauchy_schwarz.npy
Thioredoxin,StandardScaler,earth_movers,"[193, 193]",193,103.0526,False,/kaggle/working/MIClustering-experiments/resultados/distancias/Thioredoxin_StandardScaler_earth_movers.npy
Thioredoxin,StandardScaler,mahalanobis,"[193, 193]",193,34.1407,False,/kaggle/working/MIClustering-experiments/resultados/distancias/Thioredoxin_StandardScaler_mahalanobis.npy
